{
  "CoverPageSectionId": "75d9f007-b1f7-4f3e-8367-301171d7df58",
  "Id": "2cbc76a1a96a4c07a6aefe56049194d2",
  "Revision": 40,
  "Children": [
    {
      "$type": "Group",
      "Children": [
        {
          "$type": "StaticText",
          "Children": [],
          "VariableName": "",
          "PublicKey": "ea3bc5f0-1e4d-1315-200d-2b018049150b",
          "Text": "ENQUETE SUR LA SITUATION DE REFERENCE DU REVENU DU PRODUCTEUR DE CACAO",
          "AttachmentName": "VIEW_ENABEL",
          "ValidationConditions": [],
          "ConditionExpression": "",
          "HideIfDisabled": false
        },
        {
          "$type": "StaticText",
          "Children": [],
          "VariableName": "",
          "PublicKey": "415674bd-2668-72b7-e264-57b6a78e6e2a",
          "Text": "<font color=\"red\"> A l’attention du membre, personne ressource, du ménage...</font>",
          "AttachmentName": "",
          "ValidationConditions": [],
          "ConditionExpression": "",
          "HideIfDisabled": false
        },
        {
          "$type": "TextQuestion",
          "QuestionType": 7,
          "Answers": [],
          "Children": [],
          "ConditionExpression": "",
          "HideIfDisabled": false,
          "Featured": true,
          "Instructions": "",
          "Properties": {
            "HideInstructions": false,
            "UseFormatting": false,
            "GeometryType": 0,
            "GeometryInputMode": 0,
            "IsCritical": false
          },
          "PublicKey": "91f3d81f-28ab-0190-2d0d-eebe42ed5d03",
          "QuestionScope": 0,
          "QuestionText": "Nom de l’enquêteur",
          "StataExportCaption": "Nom_enq",
          "VariableLabel": "Nom de l’enquêteur",
          "IsTimestamp": false,
          "ValidationConditions": [
            {
              "Expression": "self.ConsistsOf(\"ABCDEÊÉÈFGHIÎÏJÇKLMNOPQRSTUVWXYZ,.-' \")",
              "Message": "ECRIRE EN MAJUSCULE!",
              "Severity": 0
            }
          ],
          "VariableName": "Nom_enq"
        },
        {
          "$type": "TextQuestion",
          "QuestionType": 7,
          "Mask": "##-##-##-##-##",
          "Answers": [],
          "Children": [],
          "ConditionExpression": "",
          "HideIfDisabled": false,
          "Featured": true,
          "Instructions": "",
          "Properties": {
            "HideInstructions": false,
            "UseFormatting": false,
            "GeometryType": 0,
            "GeometryInputMode": 0,
            "IsCritical": false
          },
          "PublicKey": "f64c5775-d0ad-6726-0b96-362f969cb55a",
          "QuestionScope": 0,
          "QuestionText": "Téléphone de l'enquêteur",
          "StataExportCaption": "Num_tel",
          "VariableLabel": "Téléphone de l'enquêteur",
          "IsTimestamp": false,
          "ValidationConditions": [],
          "VariableName": "Num_tel"
        },
        {
          "$type": "TextQuestion",
          "QuestionType": 7,
          "Answers": [],
          "Children": [],
          "ConditionExpression": "",
          "HideIfDisabled": false,
          "Featured": true,
          "Instructions": "",
          "Properties": {
            "HideInstructions": false,
            "UseFormatting": false,
            "GeometryType": 0,
            "GeometryInputMode": 0,
            "IsCritical": false
          },
          "PublicKey": "28afc419-6b8c-1a35-c060-71925e43b70a",
          "QuestionScope": 0,
          "QuestionText": "Nom du producteur",
          "StataExportCaption": "Nom_Prod",
          "VariableLabel": "Nom du producteur",
          "IsTimestamp": false,
          "ValidationConditions": [
            {
              "Expression": "self.ConsistsOf(\"ABCDEÊÉÈFGHIÎÏJÇKLMNOPQRSTUVWXYZ,.-' \")",
              "Message": "ECRIRE EN MAJUSCULE!",
              "Severity": 0
            }
          ],
          "VariableName": "Nom_Prod"
        },
        {
          "$type": "TextQuestion",
          "QuestionType": 7,
          "Mask": "##-##-##-##-##",
          "Answers": [],
          "Children": [],
          "ConditionExpression": "",
          "HideIfDisabled": false,
          "Featured": true,
          "Instructions": "",
          "Properties": {
            "HideInstructions": false,
            "UseFormatting": false,
            "GeometryType": 0,
            "GeometryInputMode": 0,
            "IsCritical": false
          },
          "PublicKey": "939ec33e-0192-e8ec-fdbc-e7f44b724e30",
          "QuestionScope": 0,
          "QuestionText": "Telephone du producteur",
          "StataExportCaption": "tel_prod",
          "VariableLabel": "Telephone du producteur",
          "IsTimestamp": false,
          "ValidationConditions": [],
          "VariableName": "tel_prod"
        },
        {
          "$type": "SingleQuestion",
          "QuestionType": 0,
          "ShowAsList": false,
          "CategoriesId": "99d7b7a3-2622-d879-b31a-dd5a6da1ff75",
          "Answers": [],
          "Children": [],
          "ConditionExpression": "",
          "HideIfDisabled": false,
          "Featured": true,
          "Instructions": "",
          "Properties": {
            "HideInstructions": false,
            "UseFormatting": false,
            "GeometryType": 0,
            "GeometryInputMode": 0,
            "IsCritical": false
          },
          "PublicKey": "478eae81-7656-b3ef-a925-b289310692fc",
          "QuestionScope": 0,
          "QuestionText": "Region",
          "StataExportCaption": "Region",
          "VariableLabel": "region",
          "IsFilteredCombobox": false,
          "IsTimestamp": false,
          "ValidationConditions": [],
          "VariableName": "Region"
        },
        {
          "$type": "SingleQuestion",
          "QuestionType": 0,
          "ShowAsList": false,
          "CategoriesId": "43536f22-532b-bf7f-cca1-93d3d72bfa7d",
          "Answers": [],
          "Children": [],
          "ConditionExpression": "",
          "HideIfDisabled": false,
          "Featured": true,
          "Instructions": "",
          "Properties": {
            "HideInstructions": false,
            "UseFormatting": false,
            "GeometryType": 0,
            "GeometryInputMode": 0,
            "IsCritical": false
          },
          "PublicKey": "3398205d-f53b-11c0-2817-e9efccc460c2",
          "QuestionScope": 0,
          "QuestionText": "Departement",
          "StataExportCaption": "Depart",
          "VariableLabel": "Departement",
          "IsFilteredCombobox": false,
          "IsTimestamp": false,
          "ValidationConditions": [],
          "VariableName": "Depart"
        },
        {
          "$type": "SingleQuestion",
          "QuestionType": 0,
          "ShowAsList": false,
          "CategoriesId": "471c5e35-5d2b-2f65-9535-832e169cf609",
          "Answers": [],
          "Children": [],
          "ConditionExpression": "",
          "HideIfDisabled": false,
          "Featured": true,
          "Instructions": "",
          "Properties": {
            "HideInstructions": false,
            "UseFormatting": false,
            "GeometryType": 0,
            "GeometryInputMode": 0,
            "IsCritical": false
          },
          "PublicKey": "68ff49a2-8930-b6ce-f171-088fd3222c7e",
          "QuestionScope": 0,
          "QuestionText": "Sous-Préfecture",
          "StataExportCaption": "sous_p",
          "VariableLabel": "Sous-Préfecture",
          "IsFilteredCombobox": false,
          "IsTimestamp": false,
          "ValidationConditions": [],
          "VariableName": "sous_p"
        },
        {
          "$type": "SingleQuestion",
          "QuestionType": 0,
          "ShowAsList": false,
          "Answers": [
            {
              "AnswerText": "ATTIGUEHI",
              "AnswerValue": "10111"
            },
            {
              "AnswerText": "LELEBLE",
              "AnswerValue": "10121"
            },
            {
              "AnswerText": "TOUTOUKO",
              "AnswerValue": "10122"
            },
            {
              "AnswerText": "NIAMOUE",
              "AnswerValue": "10211"
            },
            {
              "AnswerText": "DJAHAKRO",
              "AnswerValue": "10221"
            },
            {
              "AnswerText": "KASSASSOU 2",
              "AnswerValue": "10231"
            },
            {
              "AnswerText": "DOBOUO",
              "AnswerValue": "11111"
            },
            {
              "AnswerText": "SIMONKRO",
              "AnswerValue": "11112"
            },
            {
              "AnswerText": "LOUHIRI",
              "AnswerValue": "11113"
            },
            {
              "AnswerText": "SIKATIO",
              "AnswerValue": "11114"
            },
            {
              "AnswerText": "GOBROKO",
              "AnswerValue": "11121"
            },
            {
              "AnswerText": "ZEGREBOUE",
              "AnswerValue": "11122"
            },
            {
              "AnswerText": "KANGAKRO",
              "AnswerValue": "12111"
            },
            {
              "AnswerText": "TOUTOUBRE",
              "AnswerValue": "12112"
            },
            {
              "AnswerText": "GUESSIHIO",
              "AnswerValue": "12113"
            },
            {
              "AnswerText": "OKABO 2",
              "AnswerValue": "13111"
            },
            {
              "AnswerText": "SOUMAILAKRO",
              "AnswerValue": "13112"
            },
            {
              "AnswerText": "VAVOUA",
              "AnswerValue": "13113"
            },
            {
              "AnswerText": "BAHOULIFLA",
              "AnswerValue": "13114"
            },
            {
              "AnswerText": "DILA",
              "AnswerValue": "13115"
            },
            {
              "AnswerText": "DEMA 3",
              "AnswerValue": "13116"
            },
            {
              "AnswerText": "NIABLE",
              "AnswerValue": "14111"
            },
            {
              "AnswerText": "BRINDOUKRO",
              "AnswerValue": "14112"
            },
            {
              "AnswerText": "DIANGOGBO",
              "AnswerValue": "14113"
            },
            {
              "AnswerText": "ABRONAMOUE",
              "AnswerValue": "14114"
            },
            {
              "AnswerText": "BOKAKOKORE",
              "AnswerValue": "14121"
            },
            {
              "AnswerText": "AFFERY",
              "AnswerValue": "15111"
            },
            {
              "AnswerText": "COPA",
              "AnswerValue": "15112"
            },
            {
              "AnswerText": "DODOKOI",
              "AnswerValue": "15113"
            },
            {
              "AnswerText": "KIMOUKRO",
              "AnswerValue": "16111"
            },
            {
              "AnswerText": "KOUTA",
              "AnswerValue": "16112"
            },
            {
              "AnswerText": "LAGAZE",
              "AnswerValue": "16113"
            },
            {
              "AnswerText": "PETIT DIMBOKRO",
              "AnswerValue": "16114"
            },
            {
              "AnswerText": "KAMARADOUGOU",
              "AnswerValue": "16121"
            },
            {
              "AnswerText": "LAUZOUA",
              "AnswerValue": "16131"
            },
            {
              "AnswerText": "GNAMA",
              "AnswerValue": "16132"
            },
            {
              "AnswerText": "DIANKRO 2",
              "AnswerValue": "16141"
            },
            {
              "AnswerText": "BROUDOUGOU PENDA 1",
              "AnswerValue": "16151"
            },
            {
              "AnswerText": "DAHIRI",
              "AnswerValue": "16211"
            },
            {
              "AnswerText": "GBAHIRI",
              "AnswerValue": "16212"
            },
            {
              "AnswerText": "DJOKO",
              "AnswerValue": "16213"
            },
            {
              "AnswerText": "LIGROHOUIN",
              "AnswerValue": "16214"
            },
            {
              "AnswerText": "TABOUE",
              "AnswerValue": "16311"
            },
            {
              "AnswerText": "ANZROMEKRO",
              "AnswerValue": "17111"
            },
            {
              "AnswerText": "ASSAHOUREKRO",
              "AnswerValue": "17112"
            },
            {
              "AnswerText": "CHANTIER MOH",
              "AnswerValue": "17113"
            },
            {
              "AnswerText": "EFFACI 2",
              "AnswerValue": "17114"
            },
            {
              "AnswerText": "N DRIKRO",
              "AnswerValue": "17115"
            },
            {
              "AnswerText": "KRAGUI",
              "AnswerValue": "17116"
            },
            {
              "AnswerText": "GNITI TOUADJI",
              "AnswerValue": "17117"
            },
            {
              "AnswerText": "GBOGBO",
              "AnswerValue": "17118"
            },
            {
              "AnswerText": "POGREAGUI",
              "AnswerValue": "17119"
            },
            {
              "AnswerText": "SAKIARE",
              "AnswerValue": "171110"
            },
            {
              "AnswerText": "KOUAMEAGUI",
              "AnswerValue": "171111"
            },
            {
              "AnswerText": "TAGBA",
              "AnswerValue": "171112"
            },
            {
              "AnswerText": "KOKOKRO",
              "AnswerValue": "17211"
            },
            {
              "AnswerText": "KOUASSIDANKRO",
              "AnswerValue": "17212"
            },
            {
              "AnswerText": "OUSSOUKRO",
              "AnswerValue": "17311"
            },
            {
              "AnswerText": "TOLAKRO",
              "AnswerValue": "17312"
            },
            {
              "AnswerText": "SOUBRE",
              "AnswerValue": "17321"
            },
            {
              "AnswerText": "DOBRE",
              "AnswerValue": "17331"
            },
            {
              "AnswerText": "JULESKRO",
              "AnswerValue": "17332"
            },
            {
              "AnswerText": "BOKAKRO",
              "AnswerValue": "17341"
            },
            {
              "AnswerText": "N GATTAKRO",
              "AnswerValue": "17342"
            },
            {
              "AnswerText": "OKROUYO",
              "AnswerValue": "17351"
            },
            {
              "AnswerText": "OTTAWA",
              "AnswerValue": "17352"
            },
            {
              "AnswerText": "OBROUAYO",
              "AnswerValue": "17361"
            },
            {
              "AnswerText": "MAYO",
              "AnswerValue": "17371"
            },
            {
              "AnswerText": "EMILEKRO",
              "AnswerValue": "17381"
            },
            {
              "AnswerText": "NEMATOULAYE",
              "AnswerValue": "17391"
            },
            {
              "AnswerText": "BOUKARIKRO",
              "AnswerValue": "17392"
            },
            {
              "AnswerText": "DOGABRE",
              "AnswerValue": "17393"
            },
            {
              "AnswerText": "LOGBOZOUA",
              "AnswerValue": "17411"
            },
            {
              "AnswerText": "WONSEALY",
              "AnswerValue": "17412"
            },
            {
              "AnswerText": "ADOUKOUASSIKRO",
              "AnswerValue": "17413"
            },
            {
              "AnswerText": "BIGNE",
              "AnswerValue": "18111"
            },
            {
              "AnswerText": "SAHOUA",
              "AnswerValue": "18112"
            },
            {
              "AnswerText": "GAGNY",
              "AnswerValue": "18113"
            },
            {
              "AnswerText": "DOBA",
              "AnswerValue": "18114"
            },
            {
              "AnswerText": "ALLAHYAOKRO",
              "AnswerValue": "18121"
            },
            {
              "AnswerText": "MARI CHANTIER",
              "AnswerValue": "18131"
            },
            {
              "AnswerText": "MOSSIKRO",
              "AnswerValue": "18132"
            },
            {
              "AnswerText": "ABRAHAMKRO",
              "AnswerValue": "18211"
            },
            {
              "AnswerText": "GBAHIRO",
              "AnswerValue": "18212"
            },
            {
              "AnswerText": "GNATO",
              "AnswerValue": "18213"
            },
            {
              "AnswerText": "PARA",
              "AnswerValue": "18221"
            },
            {
              "AnswerText": "KARIE",
              "AnswerValue": "18222"
            },
            {
              "AnswerText": "NIGRE",
              "AnswerValue": "18223"
            },
            {
              "AnswerText": "GNITY ECOLE",
              "AnswerValue": "18311"
            },
            {
              "AnswerText": "BIDA",
              "AnswerValue": "18312"
            },
            {
              "AnswerText": "WAKAPLICO",
              "AnswerValue": "18313"
            },
            {
              "AnswerText": "AKRESSI",
              "AnswerValue": "19111"
            },
            {
              "AnswerText": "AYAME",
              "AnswerValue": "19112"
            },
            {
              "AnswerText": "SAONKRO",
              "AnswerValue": "19121"
            },
            {
              "AnswerText": "YAOU",
              "AnswerValue": "19122"
            },
            {
              "AnswerText": "KOFFIKRO",
              "AnswerValue": "20111"
            },
            {
              "AnswerText": "BATHELEMIKRO",
              "AnswerValue": "21111"
            },
            {
              "AnswerText": "FATAMA",
              "AnswerValue": "21112"
            },
            {
              "AnswerText": "BOIGNYKRO",
              "AnswerValue": "21113"
            },
            {
              "AnswerText": "NEKO",
              "AnswerValue": "21114"
            },
            {
              "AnswerText": "NEGREAGUI",
              "AnswerValue": "21115"
            },
            {
              "AnswerText": "KOYEKRO",
              "AnswerValue": "21116"
            },
            {
              "AnswerText": "AFFIKRO",
              "AnswerValue": "21117"
            },
            {
              "AnswerText": "AKPOUEKRO",
              "AnswerValue": "21118"
            },
            {
              "AnswerText": "KOFFIKANKRO",
              "AnswerValue": "21119"
            }
          ],
          "Children": [],
          "ConditionExpression": "",
          "HideIfDisabled": false,
          "Featured": true,
          "Instructions": "",
          "Properties": {
            "HideInstructions": false,
            "UseFormatting": false,
            "GeometryType": 0,
            "GeometryInputMode": 0,
            "IsCritical": false
          },
          "PublicKey": "27837159-1100-9579-a668-e51225697f9b",
          "QuestionScope": 0,
          "QuestionText": "Ville/Village",
          "StataExportCaption": "Ville",
          "VariableLabel": "Ville/Village/quartier",
          "IsFilteredCombobox": false,
          "IsTimestamp": false,
          "ValidationConditions": [],
          "VariableName": "Ville"
        },
        {
          "$type": "NumericQuestion",
          "QuestionType": 4,
          "IsInteger": true,
          "UseFormatting": false,
          "Answers": [],
          "Children": [],
          "ConditionExpression": "",
          "HideIfDisabled": false,
          "Featured": true,
          "Instructions": "",
          "Properties": {
            "HideInstructions": false,
            "UseFormatting": false,
            "IsCritical": false
          },
          "PublicKey": "1eb6a49f-4ae5-baf2-f307-e0e9e79212cd",
          "QuestionScope": 0,
          "QuestionText": "Zone de dénombrement du ménage ?",
          "StataExportCaption": "Zone_D",
          "VariableLabel": "Zone de dénombrement du ménage",
          "IsTimestamp": false,
          "ValidationConditions": [],
          "VariableName": "Zone_D"
        },
        {
          "$type": "NumericQuestion",
          "QuestionType": 4,
          "IsInteger": true,
          "UseFormatting": false,
          "Answers": [],
          "Children": [],
          "ConditionExpression": "",
          "HideIfDisabled": false,
          "Featured": true,
          "Instructions": "",
          "Properties": {
            "HideInstructions": false,
            "UseFormatting": false,
            "IsCritical": false
          },
          "PublicKey": "3193f2f5-8ed0-44e5-8d21-345c81b21c90",
          "QuestionScope": 0,
          "QuestionText": "Numéro d'ilôt du ménage",
          "StataExportCaption": "Ilot_men",
          "VariableLabel": "Numéro d'ilôt du ménage",
          "IsTimestamp": false,
          "ValidationConditions": [],
          "VariableName": "Ilot_men"
        },
        {
          "$type": "NumericQuestion",
          "QuestionType": 4,
          "IsInteger": true,
          "UseFormatting": false,
          "Answers": [],
          "Children": [],
          "ConditionExpression": "",
          "HideIfDisabled": false,
          "Featured": true,
          "Instructions": "",
          "Properties": {
            "HideInstructions": false,
            "UseFormatting": false,
            "IsCritical": false
          },
          "PublicKey": "6432a9c5-6765-6426-384c-cf441d435893",
          "QuestionScope": 0,
          "QuestionText": "Numéro de concession ou de bâtiment du ménage",
          "StataExportCaption": "Num_bat",
          "VariableLabel": "Numéro de concession ou de bâtiment du ménage",
          "IsTimestamp": false,
          "ValidationConditions": [],
          "VariableName": "Num_bat"
        },
        {
          "$type": "NumericQuestion",
          "QuestionType": 4,
          "IsInteger": true,
          "UseFormatting": false,
          "Answers": [],
          "Children": [],
          "ConditionExpression": "",
          "HideIfDisabled": false,
          "Featured": true,
          "Instructions": "",
          "Properties": {
            "HideInstructions": false,
            "UseFormatting": false,
            "IsCritical": false
          },
          "PublicKey": "6b0563f8-806d-aaf1-71d7-5b74fdb8195d",
          "QuestionScope": 0,
          "QuestionText": "Numéro du ménage",
          "StataExportCaption": "num_menage",
          "VariableLabel": "Numéro du ménage",
          "IsTimestamp": false,
          "ValidationConditions": [],
          "VariableName": "num_menage"
        }
      ],
      "ConditionExpression": "",
      "HideIfDisabled": false,
      "IsFlatMode": false,
      "IsPlainMode": false,
      "DisplayMode": 0,
      "Enabled": true,
      "Description": "",
      "VariableName": "",
      "IsRoster": false,
      "CustomRosterTitle": false,
      "RosterSizeSource": 0,
      "FixedRosterTitles": [],
      "PublicKey": "75d9f007-b1f7-4f3e-8367-301171d7df58",
      "Title": "Cover"
    },
    {
      "$type": "Group",
      "Children": [
        {
          "$type": "DateTimeQuestion",
          "QuestionType": 5,
          "Answers": [],
          "Children": [],
          "ConditionExpression": "",
          "HideIfDisabled": false,
          "Featured": false,
          "Instructions": "",
          "Properties": {
            "HideInstructions": false,
            "UseFormatting": false,
            "GeometryType": 0,
            "GeometryInputMode": 0,
            "IsCritical": false
          },
          "PublicKey": "47e5f989-7ada-16d2-5bd9-b515f576583b",
          "QuestionScope": 0,
          "QuestionText": "I1.Date de l’interview",
          "StataExportCaption": "I1_Date",
          "VariableLabel": "I1.Date de l’interview",
          "IsTimestamp": true,
          "ValidationConditions": [],
          "VariableName": "I1_Date"
        },
        {
          "$type": "TextQuestion",
          "QuestionType": 7,
          "Answers": [],
          "Children": [],
          "ConditionExpression": "",
          "HideIfDisabled": false,
          "Featured": false,
          "Instructions": "",
          "Properties": {
            "HideInstructions": false,
            "UseFormatting": false,
            "GeometryType": 0,
            "GeometryInputMode": 0,
            "IsCritical": false
          },
          "PublicKey": "afc15324-5d5a-ec7a-f456-020c73a76a0e",
          "QuestionScope": 0,
          "QuestionText": "I3.Nom du répondant",
          "StataExportCaption": "I3_Nom_repondan",
          "VariableLabel": "I3.Nom du répondant",
          "IsTimestamp": false,
          "ValidationConditions": [
            {
              "Expression": "self.ConsistsOf(\"ABCDEÊÉÈFGHIÎÏJÇKLMNOPQRSTUVWXYZ,0123456789-' \")",
              "Message": "Ecrire en majuscule",
              "Severity": 0
            },
            {
              "Expression": "self.Trim().Contains(\" \")",
              "Message": "Prière de saisir le nom et prénoms du répondants",
              "Severity": 0
            },
            {
              "Expression": "Regex.Replace(self, @\"\\s+\", \"\").Length >= 3",
              "Message": "Le nom est trop court",
              "Severity": 0
            }
          ],
          "VariableName": "I3_Nom_repondan"
        }
      ],
      "ConditionExpression": "",
      "HideIfDisabled": false,
      "IsFlatMode": false,
      "IsPlainMode": false,
      "DisplayMode": 0,
      "Enabled": true,
      "Description": "",
      "VariableName": "section1",
      "IsRoster": false,
      "CustomRosterTitle": false,
      "RosterSizeSource": 0,
      "FixedRosterTitles": [],
      "PublicKey": "1b62abd1-a03e-8028-eb40-c4527ecd9953",
      "Title": "SECTION I : IDENTIFICATION DU MENAGE"
    },
    {
      "$type": "Group",
      "Children": [
        {
          "$type": "Group",
          "Children": [
            {
              "$type": "NumericQuestion",
              "QuestionType": 4,
              "IsInteger": true,
              "UseFormatting": false,
              "Answers": [],
              "Children": [],
              "ConditionExpression": "",
              "HideIfDisabled": false,
              "Featured": false,
              "Instructions": "",
              "Properties": {
                "HideInstructions": false,
                "UseFormatting": false,
                "GeometryType": 0,
                "GeometryInputMode": 0,
                "IsCritical": false
              },
              "PublicKey": "f4c79223-9335-0307-0589-f5e15f7bae31",
              "QuestionScope": 0,
              "QuestionText": "A1.Quel est le nombre total de personnes dans votre ménage ?",
              "StataExportCaption": "A1_nbr_personn",
              "VariableLabel": "A1.Quel est le nombre total de personnes dans votre ménage ?",
              "IsTimestamp": false,
              "ValidationConditions": [],
              "VariableName": "A1_nbr_personn"
            }
          ],
          "ConditionExpression": "",
          "HideIfDisabled": false,
          "IsFlatMode": false,
          "IsPlainMode": false,
          "DisplayMode": 0,
          "Enabled": true,
          "Description": "",
          "VariableName": "infor",
          "IsRoster": false,
          "CustomRosterTitle": false,
          "RosterSizeSource": 0,
          "FixedRosterTitles": [],
          "PublicKey": "f784ee0b-d797-c534-6faa-b207091ea30c",
          "Title": "INFOMATIONS GENERALES SUR LE MENAGE"
        },
        {
          "$type": "Group",
          "Children": [
            {
              "$type": "Variable",
              "Label": "Nom du Chef de ménage",
              "PublicKey": "60f3c22b-0b66-4bd9-ae1f-316ba2e0cdc8",
              "Type": 5,
              "Name": "name_ch",
              "Expression": "//membres_menage.Any(x=>x.A10_Lien_CM == 1)?\n\n//membres_menage.Where(x=>x.A10_Lien_CM == 1).First().A5_Nom_indiv:\n\n//\"\"\n\n\nA99_Nom.FirstOrDefault(\n    x=>x.Item1==(\n        membres_menage.FirstOrDefault(y=> y.A10_Lien_CM==1)?.@rowcode ?? 0))?.Item2 ?? \"N/A\"",
              "DoNotExport": false,
              "Children": [],
              "VariableName": "name_ch"
            },
            {
              "$type": "TextListQuestion",
              "QuestionType": 9,
              "MaxAnswerCount": 20,
              "Answers": [],
              "Children": [],
              "ConditionExpression": "",
              "HideIfDisabled": false,
              "Featured": false,
              "Instructions": "Il faut commencer par le chef du ménage",
              "Properties": {
                "HideInstructions": false,
                "UseFormatting": false,
                "GeometryType": 0,
                "GeometryInputMode": 0,
                "IsCritical": false
              },
              "PublicKey": "1928b3a1-064e-4dde-bd90-5b8c01a164fb",
              "QuestionScope": 0,
              "QuestionText": "Prière nous donner les noms des membres du ménage",
              "StataExportCaption": "A99_Nom",
              "VariableLabel": "nom de membre de menage",
              "IsTimestamp": false,
              "ValidationConditions": [
                {
                  "Expression": "self.All(x=>x.Item2.Trim().ConsistsOf(\"ABCDEÊÉÈFGHIÎÏJÇKLMNOPQRSTUVWXYZ,0123456789-' \"))",
                  "Message": "Ecrire en Majuscule",
                  "Severity": 0
                },
                {
                  "Expression": "self.All(x=>x.Item2.Trim().Contains(\" \"))",
                  "Message": "Saisir le nom et prénoms du l'individu",
                  "Severity": 0
                }
              ],
              "VariableName": "A99_Nom"
            },
            {
              "$type": "Group",
              "Children": [
                {
                  "$type": "NumericQuestion",
                  "QuestionType": 4,
                  "IsInteger": true,
                  "UseFormatting": false,
                  "Answers": [],
                  "Children": [],
                  "ConditionExpression": "",
                  "HideIfDisabled": false,
                  "Featured": false,
                  "Instructions": "Si l'age est moins d'un an, ecrire 0",
                  "Properties": {
                    "HideInstructions": false,
                    "UseFormatting": false,
                    "GeometryType": 0,
                    "GeometryInputMode": 0,
                    "IsCritical": false
                  },
                  "PublicKey": "8bb8e65f-9c70-4dd3-9f23-de070215b28c",
                  "QuestionScope": 0,
                  "QuestionText": "A6.Age de <font color=\"red\">%rostertitle%</font>",
                  "StataExportCaption": "A6_Age_Indiv",
                  "VariableLabel": "A6 Age",
                  "IsTimestamp": false,
                  "ValidationConditions": [],
                  "VariableName": "A6_Age_Indiv"
                },
                {
                  "$type": "SingleQuestion",
                  "QuestionType": 0,
                  "ShowAsList": false,
                  "Answers": [
                    {
                      "AnswerText": "Masculin",
                      "AnswerValue": "1"
                    },
                    {
                      "AnswerText": "Féminin",
                      "AnswerValue": "2"
                    }
                  ],
                  "Children": [],
                  "ConditionExpression": "",
                  "HideIfDisabled": false,
                  "Featured": false,
                  "Instructions": "",
                  "Properties": {
                    "HideInstructions": false,
                    "UseFormatting": false,
                    "GeometryType": 0,
                    "GeometryInputMode": 0,
                    "IsCritical": false
                  },
                  "PublicKey": "e072fec0-8971-4e6f-83a7-e383e067b7d8",
                  "QuestionScope": 0,
                  "QuestionText": "A7.Sexe de <font color=\"red\">%rostertitle%</font>",
                  "StataExportCaption": "A7_sexe",
                  "VariableLabel": "A7. sexe",
                  "IsFilteredCombobox": false,
                  "IsTimestamp": false,
                  "ValidationConditions": [],
                  "VariableName": "A7_sexe"
                },
                {
                  "$type": "SingleQuestion",
                  "QuestionType": 0,
                  "ShowAsList": false,
                  "Answers": [
                    {
                      "AnswerText": "Chef du ménage",
                      "AnswerValue": "1"
                    },
                    {
                      "AnswerText": "Epouse/Coépouse",
                      "AnswerValue": "2"
                    },
                    {
                      "AnswerText": "Frère/Sœur",
                      "AnswerValue": "3"
                    },
                    {
                      "AnswerText": "Fils/Fille",
                      "AnswerValue": "4"
                    },
                    {
                      "AnswerText": "beaux parents",
                      "AnswerValue": "5"
                    },
                    {
                      "AnswerText": "Pères/mères",
                      "AnswerValue": "6"
                    },
                    {
                      "AnswerText": "Autres ( à préciser)",
                      "AnswerValue": "88"
                    }
                  ],
                  "Children": [],
                  "ConditionExpression": "",
                  "HideIfDisabled": false,
                  "Featured": false,
                  "Instructions": "",
                  "Properties": {
                    "HideInstructions": false,
                    "UseFormatting": false,
                    "GeometryType": 0,
                    "GeometryInputMode": 0,
                    "IsCritical": false
                  },
                  "PublicKey": "a7e6b7d0-2567-4ded-8354-58be5d98fc7a",
                  "QuestionScope": 0,
                  "QuestionText": "A10.Le lien de parenté de <font color=\"red\">%rostertitle%</font> avec le chef du ménage",
                  "StataExportCaption": "A10_Lien_CM",
                  "VariableLabel": "A10 Le lien de parenté avec le chef du ménage",
                  "IsFilteredCombobox": false,
                  "IsTimestamp": false,
                  "ValidationConditions": [
                    {
                      "Expression": "membres_menage.Any(x => x.A10_Lien_CM == 1)",
                      "Message": "S'il vous plait, commnencez les enregistrements par le Chef de ménage d'abord et les autres ensuite.",
                      "Severity": 0
                    },
                    {
                      "Expression": "self == 1 ? membres_menage.Count(x => x.A10_Lien_CM == 1) == 1 : true",
                      "Message": "S'il vous plait, il ne peut avoir qu'un seul chef de ménage. %name_ch% a été déjà mentionné Chef de ménage",
                      "Severity": 0
                    },
                    {
                      "Expression": "self.InList(1,2)? A6_Age_Indiv.InRange(14,120): true",
                      "Message": "Vérifier l'age du chef de ménage ou de l'épouse",
                      "Severity": 0
                    }
                  ],
                  "VariableName": "A10_Lien_CM"
                },
                {
                  "$type": "TextQuestion",
                  "QuestionType": 7,
                  "Answers": [],
                  "Children": [],
                  "ConditionExpression": "A10_Lien_CM==88",
                  "HideIfDisabled": true,
                  "Featured": false,
                  "Instructions": "",
                  "Properties": {
                    "HideInstructions": false,
                    "UseFormatting": false,
                    "GeometryType": 0,
                    "GeometryInputMode": 0,
                    "IsCritical": false
                  },
                  "PublicKey": "4e99af4c-4bd9-4d77-9b7b-1f2397dc14cb",
                  "QuestionScope": 0,
                  "QuestionText": "A10x.Précisez le lien de parenté de <font color=\"red\">%rostertitle%</font>",
                  "StataExportCaption": "A10_lien_autrX",
                  "VariableLabel": "Autre lien de parenté",
                  "IsTimestamp": false,
                  "ValidationConditions": [],
                  "VariableName": "A10_lien_autrX"
                },
                {
                  "$type": "SingleQuestion",
                  "QuestionType": 0,
                  "ShowAsList": false,
                  "Answers": [
                    {
                      "AnswerText": "Célibataire",
                      "AnswerValue": "1"
                    },
                    {
                      "AnswerText": "Mariage légal/Mariage coutumier",
                      "AnswerValue": "2"
                    },
                    {
                      "AnswerText": "Divorcé/Séparé",
                      "AnswerValue": "3"
                    },
                    {
                      "AnswerText": "Veuf/Veuve",
                      "AnswerValue": "4"
                    }
                  ],
                  "Children": [],
                  "ConditionExpression": "A6_Age_Indiv>=14",
                  "HideIfDisabled": true,
                  "Featured": false,
                  "Instructions": "",
                  "Properties": {
                    "HideInstructions": false,
                    "UseFormatting": false,
                    "GeometryType": 0,
                    "GeometryInputMode": 0,
                    "IsCritical": false
                  },
                  "PublicKey": "3f51d7ca-6cf6-4fa6-80f2-6a712f0672c3",
                  "QuestionScope": 0,
                  "QuestionText": "A9.Situation matrimoniale de <font color=\"red\">%rostertitle%</font>",
                  "StataExportCaption": "A9_Sit_matri",
                  "VariableLabel": "A9.Situation matrimoniale",
                  "IsFilteredCombobox": false,
                  "IsTimestamp": false,
                  "ValidationConditions": [
                    {
                      "Expression": "A10_Lien_CM == 2 ? self == 2:true",
                      "Message": "Incohérence. Selon la [relation avec la question principale](A10_Lien_CM), %rostertitle% est le conjoint du chef de Ménage %name_ch%",
                      "Severity": 0
                    }
                  ],
                  "VariableName": "A9_Sit_matri"
                },
                {
                  "$type": "SingleQuestion",
                  "QuestionType": 0,
                  "ShowAsList": false,
                  "Answers": [
                    {
                      "AnswerText": "AUCUN",
                      "AnswerValue": "1"
                    },
                    {
                      "AnswerText": "PRÉSCOLAIRE",
                      "AnswerValue": "2"
                    },
                    {
                      "AnswerText": "PRIMAIRE",
                      "AnswerValue": "3"
                    },
                    {
                      "AnswerText": "SECONDAIRE 1( de la sixième à la classe de troisième)",
                      "AnswerValue": "4"
                    },
                    {
                      "AnswerText": "SECONDAIRE 2 ( de la classe de seconde à la classe de terminale)",
                      "AnswerValue": "5"
                    },
                    {
                      "AnswerText": "PROFESSIONNEL ( école de métier ou technique)",
                      "AnswerValue": "6"
                    },
                    {
                      "AnswerText": "SUPÉRIEUR ( grande école ou université)",
                      "AnswerValue": "7"
                    },
                    {
                      "AnswerText": "CORANIQUE",
                      "AnswerValue": "8"
                    },
                    {
                      "AnswerText": "ALPHABÉTISATION FONCTIONNELLE",
                      "AnswerValue": "9"
                    },
                    {
                      "AnswerText": "Autres à préciser",
                      "AnswerValue": "88"
                    }
                  ],
                  "Children": [],
                  "ConditionExpression": "",
                  "HideIfDisabled": false,
                  "Featured": false,
                  "Instructions": "",
                  "Properties": {
                    "HideInstructions": false,
                    "UseFormatting": false,
                    "GeometryType": 0,
                    "GeometryInputMode": 0,
                    "IsCritical": false
                  },
                  "PublicKey": "4cdb8bc0-5e86-4d43-80a6-488dd91cb8e2",
                  "QuestionScope": 0,
                  "QuestionText": "A11.Quel est le niveau d'éducation le plus élevé atteint par <font color=\"red\">%rostertitle%</font> ?",
                  "StataExportCaption": "A11_nivea_eleve",
                  "VariableLabel": "A11.Savoir lire et écrire",
                  "IsFilteredCombobox": false,
                  "IsTimestamp": false,
                  "ValidationConditions": [],
                  "VariableName": "A11_nivea_eleve"
                },
                {
                  "$type": "TextQuestion",
                  "QuestionType": 7,
                  "Answers": [],
                  "Children": [],
                  "ConditionExpression": "A11_nivea_eleve==88",
                  "HideIfDisabled": true,
                  "Featured": false,
                  "Instructions": "",
                  "Properties": {
                    "HideInstructions": false,
                    "UseFormatting": false,
                    "IsCritical": false
                  },
                  "PublicKey": "39dc0cd3-b433-b436-5dd1-2f95f70e7b9d",
                  "QuestionScope": 0,
                  "QuestionText": "A11x.preciser autre niveau élevé",
                  "StataExportCaption": "A11_niveau_Autrx",
                  "VariableLabel": "A11x.preciser autre niveau",
                  "IsTimestamp": false,
                  "ValidationConditions": [],
                  "VariableName": "A11_niveau_Autrx"
                },
                {
                  "$type": "SingleQuestion",
                  "QuestionType": 0,
                  "ShowAsList": false,
                  "Answers": [
                    {
                      "AnswerText": "Ne sais pas lire ni écrire",
                      "AnswerValue": "1"
                    },
                    {
                      "AnswerText": "Sais lire et écrire",
                      "AnswerValue": "2"
                    }
                  ],
                  "Children": [],
                  "ConditionExpression": "A11_nivea_eleve==1",
                  "HideIfDisabled": true,
                  "Featured": false,
                  "Instructions": "",
                  "Properties": {
                    "HideInstructions": false,
                    "UseFormatting": false,
                    "GeometryType": 0,
                    "GeometryInputMode": 0,
                    "IsCritical": false
                  },
                  "PublicKey": "2cc680fe-ef1a-d39b-40db-f350c5de0fe0",
                  "QuestionScope": 0,
                  "QuestionText": "<font color=\"red\">%rostertitle%</font>  sait il lire et écrire?",
                  "StataExportCaption": "nivea_eleve",
                  "VariableLabel": "Savoir lire et écrire",
                  "IsFilteredCombobox": false,
                  "IsTimestamp": false,
                  "ValidationConditions": [],
                  "VariableName": "nivea_eleve"
                },
                {
                  "$type": "SingleQuestion",
                  "QuestionType": 0,
                  "ShowAsList": false,
                  "Answers": [
                    {
                      "AnswerText": "oui",
                      "AnswerValue": "1"
                    },
                    {
                      "AnswerText": "non",
                      "AnswerValue": "2"
                    }
                  ],
                  "Children": [],
                  "ConditionExpression": "A6_Age_Indiv<=14",
                  "HideIfDisabled": true,
                  "Featured": false,
                  "Instructions": "",
                  "Properties": {
                    "HideInstructions": false,
                    "UseFormatting": false,
                    "GeometryType": 0,
                    "GeometryInputMode": 0,
                    "IsCritical": false
                  },
                  "PublicKey": "d2b74063-62ce-4c19-b49e-276ce2f6281c",
                  "QuestionScope": 0,
                  "QuestionText": "A12.Est-ce que <font color=\"red\">%rostertitle%</font> est actuellement scolarisé ?",
                  "StataExportCaption": "A12_actuel_scolar",
                  "VariableLabel": "PRO_QM7A.Niveau d'instruction du chef de ménage",
                  "IsFilteredCombobox": false,
                  "IsTimestamp": false,
                  "ValidationConditions": [],
                  "VariableName": "A12_actuel_scolar"
                },
                {
                  "$type": "TextQuestion",
                  "QuestionType": 7,
                  "Answers": [],
                  "Children": [],
                  "ConditionExpression": "A12_actuel_scolar==1",
                  "HideIfDisabled": true,
                  "Featured": false,
                  "Instructions": "",
                  "Properties": {
                    "HideInstructions": false,
                    "UseFormatting": false,
                    "GeometryType": 0,
                    "GeometryInputMode": 0,
                    "IsCritical": false
                  },
                  "PublicKey": "2764acaf-90cd-f9b4-8a0d-585708e026f8",
                  "QuestionScope": 0,
                  "QuestionText": "A13.<font color=\"red\">%rostertitle%</font> est en quelle classe actuellement ?",
                  "StataExportCaption": "A13_classe",
                  "VariableLabel": "quelle classe",
                  "IsTimestamp": false,
                  "ValidationConditions": [],
                  "VariableName": "A13_classe"
                },
                {
                  "$type": "SingleQuestion",
                  "QuestionType": 0,
                  "ShowAsList": false,
                  "Answers": [
                    {
                      "AnswerText": "Agriculteur",
                      "AnswerValue": "1",
                      "AttachmentName": ""
                    },
                    {
                      "AnswerText": "Eleveur",
                      "AnswerValue": "2"
                    },
                    {
                      "AnswerText": "Salarié (public/privé)",
                      "AnswerValue": "3"
                    },
                    {
                      "AnswerText": "Commerçant (e) (plantes médicinales)",
                      "AnswerValue": "4"
                    },
                    {
                      "AnswerText": "Commerçant (e) (mareyeuse)",
                      "AnswerValue": "5"
                    },
                    {
                      "AnswerText": "Commerçant (e) (autres)",
                      "AnswerValue": "6"
                    },
                    {
                      "AnswerText": "Artisan (ne)",
                      "AnswerValue": "7"
                    },
                    {
                      "AnswerText": "Ménagère",
                      "AnswerValue": "8"
                    },
                    {
                      "AnswerText": "Elève/Étudiant",
                      "AnswerValue": "9"
                    },
                    {
                      "AnswerText": "Un inactif (vieillard, handicap Physique/mental, Enfant non scolarisé, etc.) etc.)",
                      "AnswerValue": "10"
                    },
                    {
                      "AnswerText": "Cueillette",
                      "AnswerValue": "11"
                    },
                    {
                      "AnswerText": "Transformation",
                      "AnswerValue": "12"
                    },
                    {
                      "AnswerText": "Pêcheur",
                      "AnswerValue": "13"
                    },
                    {
                      "AnswerText": "Autres (à préciser)",
                      "AnswerValue": "88"
                    }
                  ],
                  "Children": [],
                  "ConditionExpression": "A6_Age_Indiv>=14",
                  "HideIfDisabled": true,
                  "Featured": false,
                  "Instructions": "",
                  "Properties": {
                    "HideInstructions": false,
                    "UseFormatting": false,
                    "GeometryType": 0,
                    "GeometryInputMode": 0,
                    "IsCritical": false
                  },
                  "PublicKey": "8db5c8ec-ecd0-85dc-c202-2d4486fb8d15",
                  "QuestionScope": 0,
                  "QuestionText": "A14.Quelle est l’activité principale de <font color=\"red\">%rostertitle%</font>",
                  "StataExportCaption": "A14_activ_pricipal",
                  "VariableLabel": "Quelle est l’activité principale de",
                  "IsFilteredCombobox": false,
                  "IsTimestamp": false,
                  "ValidationConditions": [],
                  "VariableName": "A14_activ_pricipal"
                },
                {
                  "$type": "TextQuestion",
                  "QuestionType": 7,
                  "Answers": [],
                  "Children": [],
                  "ConditionExpression": "A14_activ_pricipal==88",
                  "HideIfDisabled": true,
                  "Featured": false,
                  "Instructions": "",
                  "Properties": {
                    "HideInstructions": false,
                    "UseFormatting": false,
                    "IsCritical": false
                  },
                  "PublicKey": "d11eae49-c6bc-e83c-b467-4c07f2fff3f5",
                  "QuestionScope": 0,
                  "QuestionText": "A14x.precisez cette autre activité principale",
                  "StataExportCaption": "A14x_principal_Autrx",
                  "VariableLabel": "precisez cette autre activité principale",
                  "IsTimestamp": false,
                  "ValidationConditions": [],
                  "VariableName": "A14x_principal_Autrx"
                },
                {
                  "$type": "MultyOptionsQuestion",
                  "QuestionType": 3,
                  "AreAnswersOrdered": false,
                  "YesNoView": true,
                  "Answers": [
                    {
                      "AnswerText": "Agriculteur",
                      "AnswerValue": "1",
                      "AttachmentName": ""
                    },
                    {
                      "AnswerText": "Eleveur",
                      "AnswerValue": "2"
                    },
                    {
                      "AnswerText": "Salarié (public/privé)",
                      "AnswerValue": "3"
                    },
                    {
                      "AnswerText": "Commerçant (e) (plantes médicinales)",
                      "AnswerValue": "4"
                    },
                    {
                      "AnswerText": "Commerçant (e) (mareyeuse)",
                      "AnswerValue": "5"
                    },
                    {
                      "AnswerText": "Commerçant (e) (autres)",
                      "AnswerValue": "6"
                    },
                    {
                      "AnswerText": "Artisan (ne)",
                      "AnswerValue": "7"
                    },
                    {
                      "AnswerText": "Ménagère",
                      "AnswerValue": "8"
                    },
                    {
                      "AnswerText": "Elève/Étudiant",
                      "AnswerValue": "9"
                    },
                    {
                      "AnswerText": "Un inactif (vieillard, handicap etc.)",
                      "AnswerValue": "10"
                    },
                    {
                      "AnswerText": "Physique/mental, Enfant non scolarisé, etc.)",
                      "AnswerValue": "11"
                    },
                    {
                      "AnswerText": "Cueillette",
                      "AnswerValue": "12"
                    },
                    {
                      "AnswerText": "Transformation",
                      "AnswerValue": "13"
                    },
                    {
                      "AnswerText": "Pêcheur",
                      "AnswerValue": "14"
                    },
                    {
                      "AnswerText": "Aucun",
                      "AnswerValue": "99"
                    },
                    {
                      "AnswerText": "Autres (à préciser)",
                      "AnswerValue": "88"
                    }
                  ],
                  "Children": [],
                  "ConditionExpression": "A6_Age_Indiv>=14 && !A14_activ_pricipal.InList(9,10)",
                  "HideIfDisabled": true,
                  "Featured": false,
                  "Instructions": "",
                  "Properties": {
                    "HideInstructions": false,
                    "UseFormatting": false,
                    "GeometryType": 0,
                    "GeometryInputMode": 0,
                    "IsCritical": false
                  },
                  "PublicKey": "3e73c3c9-9b64-4004-1783-fafbd5e48506",
                  "QuestionScope": 0,
                  "QuestionText": "A15.Quelles sont les activités secondaires de <font color=\"red\">%rostertitle%</font>",
                  "StataExportCaption": "A15_activ_second",
                  "VariableLabel": "Quelle est l’activité secondaire",
                  "IsFilteredCombobox": false,
                  "IsTimestamp": false,
                  "ValidationConditions": [
                    {
                      "Expression": "self.Missing.Length==0",
                      "Message": "Cochez oui ou non à chaque modalité",
                      "Severity": 0
                    },
                    {
                      "Expression": "self.Yes.ContainsOnly(99) || !self.Yes.Contains(99)",
                      "Message": "Vous avez coché Aucun(Oui) et une autre modalité",
                      "Severity": 0
                    },
                    {
                      "Expression": "A14_activ_pricipal==8? !self.Yes.Contains(8): true",
                      "Message": "Pour une ménagère  elle n'a aucune activité mais on en peut pas mettre ménagère 2 fois",
                      "Severity": 0
                    }
                  ],
                  "VariableName": "A15_activ_second"
                }
              ],
              "ConditionExpression": "",
              "HideIfDisabled": false,
              "IsFlatMode": false,
              "IsPlainMode": false,
              "DisplayMode": 0,
              "Enabled": true,
              "Description": "",
              "VariableName": "membres_menage",
              "IsRoster": true,
              "CustomRosterTitle": true,
              "RosterSizeQuestionId": "1928b3a1-064e-4dde-bd90-5b8c01a164fb",
              "RosterSizeSource": 0,
              "FixedRosterTitles": [],
              "PublicKey": "618e11ba-7089-43aa-b7e8-0a85ed52562e",
              "Title": "Liste des Membres : %rostertitle%"
            }
          ],
          "ConditionExpression": "",
          "HideIfDisabled": false,
          "IsFlatMode": false,
          "IsPlainMode": false,
          "DisplayMode": 0,
          "Enabled": true,
          "Description": "",
          "VariableName": "CARACTERIST_MEMBRES",
          "IsRoster": false,
          "CustomRosterTitle": false,
          "RosterSizeSource": 0,
          "FixedRosterTitles": [],
          "PublicKey": "3575f093-1ccf-ba42-8d79-10c521f7ee77",
          "Title": "CARACTERISTIQUES SOCIO-DEMOGRAPHIQUES DES MEMBRES DU MENAGE"
        },
        {
          "$type": "Group",
          "Children": [
            {
              "$type": "SingleQuestion",
              "QuestionType": 0,
              "ShowAsList": false,
              "Answers": [
                {
                  "AnswerText": "Maison simple (en dur)",
                  "AnswerValue": "1",
                  "AttachmentName": ""
                },
                {
                  "AnswerText": "Maison en Case",
                  "AnswerValue": "2"
                },
                {
                  "AnswerText": "Baraque",
                  "AnswerValue": "3"
                },
                {
                  "AnswerText": "Maison en bande/cour commune",
                  "AnswerValue": "4"
                },
                {
                  "AnswerText": "Villa moderne/Duplex",
                  "AnswerValue": "5"
                },
                {
                  "AnswerText": "Autres (à préciser)",
                  "AnswerValue": "88"
                }
              ],
              "Children": [],
              "ConditionExpression": "",
              "HideIfDisabled": false,
              "Featured": false,
              "Instructions": "",
              "Properties": {
                "HideInstructions": false,
                "UseFormatting": false,
                "GeometryType": 0,
                "GeometryInputMode": 0,
                "IsCritical": false
              },
              "PublicKey": "3fd748ed-987f-4ddc-3148-e792e2023274",
              "QuestionScope": 0,
              "QuestionText": "B1.Quel type de logement est la concession principale du ménage ?",
              "StataExportCaption": "B1_type_lgts",
              "VariableLabel": "Quel type de logement est la concession principale du ménage ?",
              "IsFilteredCombobox": false,
              "IsTimestamp": false,
              "ValidationConditions": [],
              "VariableName": "B1_type_lgts"
            },
            {
              "$type": "TextQuestion",
              "QuestionType": 7,
              "Answers": [],
              "Children": [],
              "ConditionExpression": "B1_type_lgts==88",
              "HideIfDisabled": true,
              "Featured": false,
              "Instructions": "",
              "Properties": {
                "HideInstructions": false,
                "UseFormatting": false,
                "IsCritical": false
              },
              "PublicKey": "a46d5be8-a335-cfe6-34b3-4bcd28ec340f",
              "QuestionScope": 0,
              "QuestionText": "B1x.precisez l'autre type de logement",
              "StataExportCaption": "B1x_typ_lgts_Autrx",
              "VariableLabel": "B1x.precisez l'autre type de logement",
              "IsTimestamp": false,
              "ValidationConditions": [],
              "VariableName": "B1x_typ_lgts_Autrx"
            },
            {
              "$type": "SingleQuestion",
              "QuestionType": 0,
              "ShowAsList": false,
              "Answers": [
                {
                  "AnswerText": "Carton/plastique",
                  "AnswerValue": "1",
                  "AttachmentName": ""
                },
                {
                  "AnswerText": "Tôle",
                  "AnswerValue": "2"
                },
                {
                  "AnswerText": "Bois",
                  "AnswerValue": "3"
                },
                {
                  "AnswerText": "Terre battue",
                  "AnswerValue": "4"
                },
                {
                  "AnswerText": "Ciment",
                  "AnswerValue": "5"
                },
                {
                  "AnswerText": "Autres (à préciser)",
                  "AnswerValue": "88"
                }
              ],
              "Children": [],
              "ConditionExpression": "",
              "HideIfDisabled": false,
              "Featured": false,
              "Instructions": "",
              "Properties": {
                "HideInstructions": false,
                "UseFormatting": false,
                "GeometryType": 0,
                "GeometryInputMode": 0,
                "IsCritical": false
              },
              "PublicKey": "64417ccd-85d8-a5f0-d444-5afadece2eb3",
              "QuestionScope": 0,
              "QuestionText": "B2.De quel matériau est fait le mur du bâtiment principalement du logement ?",
              "StataExportCaption": "B2_materiau",
              "VariableLabel": "Dans quel matériau est fait le mur du bâtiment principalement",
              "IsFilteredCombobox": false,
              "IsTimestamp": false,
              "ValidationConditions": [],
              "VariableName": "B2_materiau"
            },
            {
              "$type": "TextQuestion",
              "QuestionType": 7,
              "Answers": [],
              "Children": [],
              "ConditionExpression": "B2_materiau==88",
              "HideIfDisabled": true,
              "Featured": false,
              "Instructions": "",
              "Properties": {
                "HideInstructions": false,
                "UseFormatting": false,
                "GeometryType": 0,
                "GeometryInputMode": 0,
                "IsCritical": false
              },
              "PublicKey": "b7de89f3-d7b6-9ab7-5faf-db0149045d53",
              "QuestionScope": 0,
              "QuestionText": "B2x. precisez l'autre type de materiau duquel est fait le mur",
              "StataExportCaption": "B2x_autr_materio_Autrx",
              "VariableLabel": "B2x. précisez l'autre type de matériau duquel est fait le mur",
              "IsTimestamp": false,
              "ValidationConditions": [],
              "VariableName": "B2x_autr_materio_Autrx"
            },
            {
              "$type": "NumericQuestion",
              "QuestionType": 4,
              "IsInteger": true,
              "UseFormatting": false,
              "Answers": [],
              "Children": [],
              "ConditionExpression": "",
              "HideIfDisabled": false,
              "Featured": false,
              "Instructions": "Seuls le salon et la chambre sont qualifiés de pièce",
              "Properties": {
                "HideInstructions": false,
                "UseFormatting": false,
                "GeometryType": 0,
                "GeometryInputMode": 0,
                "IsCritical": false
              },
              "PublicKey": "c9c1a924-4bc5-5cd1-4a94-d7bfcdbed719",
              "QuestionScope": 0,
              "QuestionText": "B3.Combien de pièces compte le logement principal du ménage ?",
              "StataExportCaption": "B3_nbr_pieces",
              "VariableLabel": "Combien de pièces compte le logement principal du ménage ?",
              "IsTimestamp": false,
              "ValidationConditions": [
                {
                  "Expression": "self<=20",
                  "Message": "Valeur incorrecte!",
                  "Severity": 0
                }
              ],
              "VariableName": "B3_nbr_pieces"
            },
            {
              "$type": "SingleQuestion",
              "QuestionType": 0,
              "ShowAsList": false,
              "Answers": [
                {
                  "AnswerText": "Plastique",
                  "AnswerValue": "1",
                  "AttachmentName": ""
                },
                {
                  "AnswerText": "Paille",
                  "AnswerValue": "2"
                },
                {
                  "AnswerText": "Tôle",
                  "AnswerValue": "3"
                },
                {
                  "AnswerText": "Tuile",
                  "AnswerValue": "4"
                },
                {
                  "AnswerText": "Autres (à préciser)",
                  "AnswerValue": "88"
                }
              ],
              "Children": [],
              "ConditionExpression": "",
              "HideIfDisabled": false,
              "Featured": false,
              "Instructions": "",
              "Properties": {
                "HideInstructions": false,
                "UseFormatting": false,
                "GeometryType": 0,
                "GeometryInputMode": 0,
                "IsCritical": false
              },
              "PublicKey": "a4c82c93-1bcb-7cb6-c6d9-b1d8d0f5f24d",
              "QuestionScope": 0,
              "QuestionText": "B4.Dans quel matériau est le revêtement du toit ?",
              "StataExportCaption": "B4_revet_toit",
              "VariableLabel": "Dans quel matériau est le revêtement du toit ?",
              "IsFilteredCombobox": false,
              "IsTimestamp": false,
              "ValidationConditions": [],
              "VariableName": "B4_revet_toit"
            }
          ],
          "ConditionExpression": "",
          "HideIfDisabled": false,
          "IsFlatMode": false,
          "IsPlainMode": false,
          "DisplayMode": 0,
          "Enabled": true,
          "Description": "",
          "VariableName": "caract_logt",
          "IsRoster": false,
          "CustomRosterTitle": false,
          "RosterSizeSource": 0,
          "FixedRosterTitles": [],
          "PublicKey": "152a4669-b9e2-a8dc-b3f8-7a60f5f2dbb1",
          "Title": "CARACTERISTIQUES DU LOGEMENT"
        }
      ],
      "ConditionExpression": "",
      "HideIfDisabled": false,
      "IsFlatMode": false,
      "IsPlainMode": false,
      "DisplayMode": 0,
      "Enabled": true,
      "Description": "",
      "VariableName": "sectionII",
      "IsRoster": false,
      "CustomRosterTitle": false,
      "RosterSizeSource": 0,
      "FixedRosterTitles": [],
      "PublicKey": "5d659b82-aad5-4024-aafc-f5120fd9c264",
      "Title": "SECTION II : CARACTÉRISTIQUES SOCIO-DÉMOGRAPHIQUES"
    }
  ],
  "Macros": {},
  "CriticalRules": [],
  "LookupTables": {},
  "Attachments": [
    {
      "AttachmentId": "38a21443-8d20-429b-bb97-56a6897a83ca",
      "Name": "VIEW_ENABEL",
      "ContentId": "D24215C373DCAB047AA29F6C2D24A3366EDCCF22"
    }
  ],
  "Translations": [],
  "Categories": [
    {
      "Id": "14f5d3cb-b728-d5a0-04c6-267f191db896",
      "Name": "REG_ENABEL_2024"
    },
    {
      "Id": "1c92a9b6-9707-780e-bf8f-9e2522c8656a",
      "Name": "DEP_ENABEL_2024"
    },
    {
      "Id": "e5701427-5ff3-d74f-18ce-ebbac557be7f",
      "Name": "SP_ENABEL_2024"
    },
    {
      "Id": "04b49f7e-cc93-8c51-2a68-c8e1aedd84cc",
      "Name": "LOC_ENABEL_2024"
    },
    {
      "Id": "dd317330-709a-c154-5dfc-78b6d6d8f1a9",
      "Name": "REG_ENABEL_2024_VF"
    },
    {
      "Id": "9885886c-ab59-c312-8436-c4a52d77e781",
      "Name": "DEP_ENABEL_2024_VF"
    },
    {
      "Id": "fd6360e3-c0c8-ee4e-10db-38c8d91ee94c",
      "Name": "SOUS_ENABEL_2024_VF"
    },
    {
      "Id": "23826b39-e607-7320-1f75-b1117ec05382",
      "Name": "LOC_ENABEL_2024_VF"
    },
    {
      "Id": "99d7b7a3-2622-d879-b31a-dd5a6da1ff75",
      "Name": "REGION_ENABEL_2024_VF3"
    },
    {
      "Id": "43536f22-532b-bf7f-cca1-93d3d72bfa7d",
      "Name": "DEPART_ENABEL_2024_VF3"
    },
    {
      "Id": "471c5e35-5d2b-2f65-9535-832e169cf609",
      "Name": "SOUSP_ENABEL_2024_VF3"
    }
  ],
  "ConditionExpression": "",
  "HideIfDisabled": false,
  "CreationDate": "2025-05-04T20:46:10.0520618",
  "LastEntryDate": "2025-05-04T20:59:06.029288",
  "IsDeleted": false,
  "CreatedBy": "91284c5b-9940-43d9-a23e-3942db60aca5",
  "IsPublic": false,
  "PublicKey": "2cbc76a1-a96a-4c07-a6ae-fe56049194d2",
  "Title": "HFC_MENAGE_ENABEL_2024",
  "Description": "",
  "VariableName": "Menage_VF2_ENA2024",
  "IsRoster": false,
  "DisplayMode": 0,
  "RosterSizeSource": 0,
  "FixedRosterTitles": [],
  "LastEventSequence": 0,
  "IsUsingExpressionStorage": false,
  "CustomRosterTitle": false,
  "IsCoverPageSupported": true
}